                  epoch,         train/box_loss,         train/cls_loss,         train/dfl_loss,   metrics/precision(B),      metrics/recall(B),       metrics/mAP50(B),    metrics/mAP50-95(B),           val/box_loss,           val/cls_loss,           val/dfl_loss,                 lr/pg0,                 lr/pg1,                 lr/pg2
                      1,                 1.8289,                 2.4905,                 1.0645,                0.34225,                0.16231,                0.11423,                0.05999,                 1.6914,                 1.5783,                 1.0114,              0.0033251,              0.0033251,              0.0033251
                      2,                 1.7382,                 1.6443,                  1.022,                0.20377,                0.18289,                0.13823,                0.07493,                 1.6844,                 1.4638,                0.99616,              0.0066255,              0.0066255,              0.0066255
                      3,                  1.759,                 1.5687,                 1.0135,                0.24222,                0.20204,                0.16653,                0.09044,                 1.6994,                 1.3939,                0.99571,              0.0098929,              0.0098929,              0.0098929
                      4,                 1.7335,                 1.5068,                 1.0082,                 0.2681,                 0.2135,                0.17533,                0.09493,                 1.6458,                 1.3678,                0.98696,              0.0098515,              0.0098515,              0.0098515
                      5,                 1.6827,                 1.4304,                0.99601,                0.28139,                0.23202,                0.19923,                0.10943,                 1.6268,                 1.3378,                0.97778,               0.009802,               0.009802,               0.009802
                      6,                  1.657,                 1.3869,                0.98879,                0.30327,                 0.2315,                0.20768,                0.11766,                 1.5821,                 1.2749,                0.96475,              0.0097525,              0.0097525,              0.0097525
                      7,                 1.6397,                 1.3523,                0.98305,                0.29597,                0.24948,                0.21223,                0.11738,                 1.5933,                 1.2639,                0.96448,               0.009703,               0.009703,               0.009703
                      8,                 1.6061,                  1.305,                0.97531,                0.32923,                0.26853,                0.23766,                  0.132,                 1.5449,                 1.2151,                0.95621,              0.0096535,              0.0096535,              0.0096535
                      9,                 1.5913,                 1.2828,                0.97132,                0.31304,                0.26385,                0.23146,                0.13012,                 1.5294,                 1.2277,                0.95721,               0.009604,               0.009604,               0.009604
                     10,                 1.5841,                 1.2605,                0.96768,                0.32963,                0.26889,                0.24434,                 0.1362,                 1.5143,                 1.1758,                0.95266,              0.0095545,              0.0095545,              0.0095545
                     11,                 1.5755,                 1.2464,                0.96339,                0.34259,                0.27322,                0.25107,                0.14261,                 1.4898,                 1.1691,                0.94671,               0.009505,               0.009505,               0.009505
                     12,                 1.5544,                  1.228,                 0.9625,                0.34812,                0.26377,                0.24702,                0.13871,                 1.5056,                 1.1758,                0.94675,              0.0094555,              0.0094555,              0.0094555
                     13,                 1.5466,                 1.2081,                0.95639,                0.35055,                0.26713,                0.25178,                0.14036,                    1.5,                 1.1796,                0.94857,               0.009406,               0.009406,               0.009406
                     14,                  1.536,                 1.1929,                 0.9561,                0.36879,                0.27673,                0.26488,                0.14816,                 1.4842,                 1.1373,                 0.9425,              0.0093565,              0.0093565,              0.0093565
                     15,                 1.5367,                 1.1892,                0.95502,                0.37507,                0.27457,                0.26514,                0.15017,                 1.4855,                 1.1372,                0.94482,               0.009307,               0.009307,               0.009307
                     16,                 1.5164,                 1.1712,                 0.9499,                0.37618,                0.28553,                0.26748,                 0.1513,                 1.4776,                 1.1313,                0.94446,              0.0092575,              0.0092575,              0.0092575
                     17,                 1.5246,                 1.1717,                 0.9534,                0.38318,                0.27882,                0.27011,                0.15261,                  1.472,                 1.1151,                0.94277,               0.009208,               0.009208,               0.009208
                     18,                 1.5068,                 1.1554,                0.94863,                0.36884,                0.28371,                0.27154,                0.15385,                  1.472,                 1.1122,                0.93857,              0.0091585,              0.0091585,              0.0091585
                     19,                  1.499,                 1.1481,                0.94663,                0.37524,                0.28579,                0.27393,                0.15572,                 1.4549,                 1.1077,                0.93911,               0.009109,               0.009109,               0.009109
                     20,                 1.4986,                 1.1384,                0.94628,                0.36702,                0.29088,                  0.275,                0.15562,                  1.457,                 1.1225,                0.93756,              0.0090595,              0.0090595,              0.0090595
                     21,                  1.494,                 1.1356,                0.94677,                0.38815,                0.27847,                0.27543,                 0.1565,                 1.4486,                 1.1055,                0.93621,                0.00901,                0.00901,                0.00901
                     22,                 1.4947,                 1.1338,                0.94419,                0.39114,                0.29091,                0.28567,                0.16241,                  1.443,                 1.0928,                0.93516,              0.0089605,              0.0089605,              0.0089605
                     23,                 1.4941,                 1.1309,                0.94298,                0.37672,                0.28848,                0.27371,                0.15582,                 1.4414,                 1.1033,                0.93502,               0.008911,               0.008911,               0.008911
                     24,                  1.487,                 1.1244,                0.94264,                0.37878,                0.29329,                0.27991,                0.16132,                 1.4356,                 1.1025,                0.93078,              0.0088615,              0.0088615,              0.0088615
                     25,                 1.4789,                 1.1115,                0.94135,                 0.3835,                0.29171,                0.28375,                 0.1622,                 1.4285,                  1.082,                0.93308,               0.008812,               0.008812,               0.008812
                     26,                 1.4727,                 1.1069,                0.93982,                0.40207,                0.29721,                 0.2864,                0.16296,                 1.4349,                 1.0806,                0.93192,              0.0087625,              0.0087625,              0.0087625
                     27,                 1.4724,                 1.1069,                0.93946,                0.39982,                0.29357,                0.29069,                0.16564,                   1.42,                 1.0758,                0.92642,               0.008713,               0.008713,               0.008713
                     28,                 1.4623,                 1.1001,                0.93842,                0.39273,                0.29295,                0.28698,                0.16316,                 1.4278,                 1.0717,                0.93115,              0.0086635,              0.0086635,              0.0086635
                     29,                 1.4533,                 1.0895,                0.93691,                0.39056,                0.29736,                0.28767,                0.16269,                 1.4254,                 1.0687,                 0.9273,               0.008614,               0.008614,               0.008614
                     30,                 1.4623,                 1.0925,                0.93675,                0.39076,                0.29901,                0.28922,                0.16567,                 1.4209,                 1.0696,                0.92722,              0.0085645,              0.0085645,              0.0085645
                     31,                 1.4589,                 1.0867,                0.93752,                 0.4044,                0.30277,                0.29319,                 0.1666,                 1.4172,                 1.0677,                0.92769,               0.008515,               0.008515,               0.008515
                     32,                 1.4538,                 1.0823,                0.93318,                0.39364,                0.29886,                0.29013,                0.16764,                 1.4181,                 1.0767,                0.92725,              0.0084655,              0.0084655,              0.0084655
                     33,                  1.458,                 1.0843,                0.93596,                0.40613,                0.30147,                0.29674,                0.16978,                 1.4146,                 1.0579,                0.93009,               0.008416,               0.008416,               0.008416
                     34,                 1.4502,                 1.0792,                0.93369,                0.39457,                0.30946,                 0.2976,                0.17033,                 1.4098,                 1.0541,                0.92335,              0.0083665,              0.0083665,              0.0083665
                     35,                 1.4459,                 1.0696,                0.93162,                0.40255,                0.30485,                 0.3007,                0.17239,                  1.405,                 1.0537,                0.92953,               0.008317,               0.008317,               0.008317
                     36,                 1.4414,                 1.0701,                0.93424,                0.39853,                0.30911,                0.29999,                0.17134,                 1.4071,                 1.0512,                0.92413,              0.0082675,              0.0082675,              0.0082675
                     37,                 1.4422,                  1.067,                0.93156,                0.40627,                0.30804,                0.29969,                0.17164,                 1.4006,                 1.0412,                0.92559,               0.008218,               0.008218,               0.008218
                     38,                 1.4387,                 1.0621,                0.93019,                0.40362,                0.30908,                0.30546,                0.17384,                 1.3994,                 1.0361,                0.92127,              0.0081685,              0.0081685,              0.0081685
                     39,                 1.4369,                 1.0591,                0.92934,                0.39898,                0.31739,                0.30561,                0.17624,                  1.398,                 1.0403,                0.91968,               0.008119,               0.008119,               0.008119
                     40,                 1.4389,                 1.0589,                0.93206,                0.41452,                0.30849,                0.30394,                0.17498,                  1.401,                 1.0436,                0.91951,              0.0080695,              0.0080695,              0.0080695
                     41,                 1.4311,                 1.0483,                0.92906,                0.42716,                 0.3171,                0.31513,                0.17939,                 1.3824,                 1.0258,                0.91881,                0.00802,                0.00802,                0.00802
                     42,                 1.4273,                 1.0459,                0.92923,                0.41101,                0.31908,                0.31343,                0.18108,                 1.3856,                 1.0299,                0.91955,              0.0079705,              0.0079705,              0.0079705
                     43,                 1.4312,                 1.0519,                0.92865,                0.42123,                 0.3151,                0.31394,                0.18159,                 1.3866,                 1.0243,                0.91921,               0.007921,               0.007921,               0.007921
                     44,                 1.4226,                 1.0415,                0.92704,                0.41308,                0.31437,                0.31117,                0.17989,                 1.3913,                 1.0272,                0.92188,              0.0078715,              0.0078715,              0.0078715
                     45,                 1.4312,                 1.0441,                0.92761,                0.40813,                0.32165,                0.31435,                 0.1806,                 1.3767,                 1.0215,                0.91623,               0.007822,               0.007822,               0.007822
                     46,                  1.424,                 1.0407,                0.92757,                0.41254,                0.31665,                0.31371,                0.18008,                  1.381,                 1.0187,                 0.9176,              0.0077725,              0.0077725,              0.0077725
                     47,                 1.4185,                 1.0358,                 0.9261,                0.41953,                0.31743,                0.31734,                0.18267,                 1.3818,                 1.0185,                0.91878,               0.007723,               0.007723,               0.007723
                     48,                 1.4215,                 1.0384,                0.92626,                0.41958,                0.31883,                0.31401,                0.18214,                 1.3765,                 1.0191,                0.91457,              0.0076735,              0.0076735,              0.0076735
                     49,                 1.4098,                  1.032,                0.92582,                0.42285,                0.31775,                0.31515,                0.18115,                 1.3827,                  1.016,                0.91949,               0.007624,               0.007624,               0.007624
                     50,                 1.4194,                 1.0339,                 0.9262,                0.41921,                0.33028,                0.32088,                0.18526,                 1.3781,                 1.0139,                0.91772,              0.0075745,              0.0075745,              0.0075745
                     51,                 1.4084,                 1.0243,                0.92414,                0.42151,                 0.3288,                0.32026,                0.18438,                 1.3697,                 1.0064,                0.91522,               0.007525,               0.007525,               0.007525
                     52,                 1.4114,                 1.0215,                0.92496,                0.42037,                0.31856,                0.31796,                0.18431,                 1.3643,                 1.0046,                0.91471,              0.0074755,              0.0074755,              0.0074755
                     53,                 1.4133,                 1.0265,                0.92404,                0.41729,                0.32825,                0.31987,                0.18535,                 1.3689,                 1.0064,                0.91513,               0.007426,               0.007426,               0.007426
                     54,                 1.4061,                 1.0199,                0.92255,                0.41713,                0.32703,                0.32061,                0.18611,                  1.366,                 1.0098,                0.91444,              0.0073765,              0.0073765,              0.0073765
                     55,                 1.4012,                  1.016,                0.92329,                0.41706,                 0.3253,                0.31729,                0.18358,                 1.3733,                 1.0096,                0.91406,               0.007327,               0.007327,               0.007327
                     56,                 1.4027,                 1.0154,                0.92042,                 0.4359,                0.32108,                0.32163,                0.18663,                 1.3602,                 1.0017,                0.91243,              0.0072775,              0.0072775,              0.0072775
                     57,                  1.402,                 1.0138,                 0.9226,                0.42162,                0.32261,                0.32192,                 0.1872,                  1.365,                 1.0046,                0.91308,               0.007228,               0.007228,               0.007228
                     58,                 1.4063,                 1.0157,                0.92131,                0.41216,                0.32672,                0.32274,                0.18687,                 1.3645,                 1.0003,                0.91252,              0.0071785,              0.0071785,              0.0071785
                     59,                 1.4001,                 1.0118,                0.92277,                0.43249,                0.31653,                0.32414,                0.18694,                 1.3699,                 1.0048,                0.91519,               0.007129,               0.007129,               0.007129
                     60,                 1.3951,                 1.0094,                0.92199,                0.41831,                0.32844,                0.32387,                0.18693,                 1.3642,                0.99671,                 0.9132,              0.0070795,              0.0070795,              0.0070795
                     61,                 1.3964,                 1.0097,                0.92112,                0.42461,                0.32797,                0.32679,                0.18967,                 1.3589,                0.99428,                0.91283,                0.00703,                0.00703,                0.00703
                     62,                 1.3948,                 1.0012,                0.92034,                0.43322,                0.32953,                0.33138,                0.19122,                 1.3626,                0.99644,                 0.9124,              0.0069805,              0.0069805,              0.0069805
                     63,                 1.3933,                 1.0027,                0.92037,                0.42795,                0.32795,                0.32491,                0.18846,                 1.3592,                0.99482,                0.91255,               0.006931,               0.006931,               0.006931
                     64,                 1.3897,                 1.0006,                0.91985,                0.43122,                  0.327,                0.32653,                0.19004,                 1.3621,                0.99477,                0.91186,              0.0068815,              0.0068815,              0.0068815
                     65,                 1.3902,                 1.0005,                 0.9206,                0.43242,                0.32886,                0.32606,                0.19016,                  1.358,                0.98777,                0.91168,               0.006832,               0.006832,               0.006832
                     66,                 1.3936,                 1.0011,                0.91897,                 0.4303,                0.32683,                0.32664,                0.19034,                  1.356,                0.99035,                0.91053,              0.0067825,              0.0067825,              0.0067825
                     67,                 1.3832,                0.99028,                0.91894,                0.42775,                0.33362,                0.32928,                0.19136,                 1.3482,                0.98165,                 0.9105,               0.006733,               0.006733,               0.006733
                     68,                 1.3908,                0.99923,                0.91886,                0.43893,                0.32925,                0.32915,                0.19221,                 1.3516,                0.98483,                0.90973,              0.0066835,              0.0066835,              0.0066835
                     69,                 1.3816,                0.98737,                0.91774,                0.43607,                0.33255,                0.33211,                0.19318,                 1.3515,                0.98038,                0.91093,               0.006634,               0.006634,               0.006634
                     70,                 1.3924,                0.99259,                0.91681,                0.43262,                 0.3348,                0.33053,                0.19207,                 1.3482,                0.98119,                0.90894,              0.0065845,              0.0065845,              0.0065845
                     71,                 1.3834,                0.98821,                0.91806,                0.43906,                0.33768,                 0.3327,                0.19299,                  1.347,                0.97844,                0.90946,               0.006535,               0.006535,               0.006535
                     72,                 1.3799,                0.98907,                0.91736,                0.43121,                0.33807,                0.33113,                0.19275,                 1.3489,                0.98043,                0.90859,              0.0064855,              0.0064855,              0.0064855
                     73,                 1.3835,                0.98631,                0.91689,                 0.4349,                0.33404,                0.33191,                0.19256,                 1.3492,                0.98528,                0.90933,               0.006436,               0.006436,               0.006436
                     74,                 1.3852,                0.98832,                0.91719,                0.42679,                0.33906,                0.33396,                0.19414,                 1.3447,                0.98042,                0.90878,              0.0063865,              0.0063865,              0.0063865
                     75,                 1.3756,                0.98183,                0.91582,                0.42189,                0.34062,                0.33444,                0.19447,                 1.3461,                0.97743,                0.90866,               0.006337,               0.006337,               0.006337
                     76,                 1.3743,                0.97839,                0.91602,                0.42951,                0.34099,                0.33473,                0.19434,                 1.3512,                0.98014,                0.91085,              0.0062875,              0.0062875,              0.0062875
                     77,                 1.3778,                0.98344,                0.91565,                0.42944,                0.33796,                0.33417,                0.19383,                 1.3483,                0.97999,                0.90994,               0.006238,               0.006238,               0.006238
                     78,                 1.3738,                0.97674,                0.91493,                0.42635,                0.34078,                0.33233,                0.19339,                 1.3466,                0.98081,                0.90863,              0.0061885,              0.0061885,              0.0061885
                     79,                 1.3692,                0.97647,                0.91396,                0.42921,                0.34081,                0.33515,                0.19472,                  1.345,                0.97383,                0.90826,               0.006139,               0.006139,               0.006139
                     80,                 1.3715,                 0.9737,                0.91466,                0.43348,                0.33449,                0.33501,                0.19547,                 1.3437,                 0.9755,                 0.9084,              0.0060895,              0.0060895,              0.0060895
                     81,                 1.3676,                0.96935,                0.91432,                0.43418,                0.33744,                 0.3355,                0.19589,                 1.3442,                0.97569,                0.90844,                0.00604,                0.00604,                0.00604
                     82,                 1.3712,                0.97381,                0.91259,                0.43173,                0.34004,                0.33735,                0.19631,                 1.3431,                0.97573,                0.90827,              0.0059905,              0.0059905,              0.0059905
                     83,                  1.376,                0.97641,                  0.915,                0.43801,                0.33603,                0.33752,                0.19652,                 1.3394,                0.97235,                 0.9078,               0.005941,               0.005941,               0.005941
                     84,                 1.3683,                 0.9687,                0.91426,                0.43035,                0.33999,                0.33912,                0.19739,                 1.3393,                0.97034,                0.90729,              0.0058915,              0.0058915,              0.0058915
                     85,                 1.3619,                0.97046,                0.91379,                0.43629,                0.33786,                0.33794,                0.19624,                 1.3442,                0.97101,                0.90832,               0.005842,               0.005842,               0.005842
                     86,                 1.3702,                0.97079,                0.91318,                0.42845,                0.33899,                0.33881,                0.19773,                 1.3423,                0.96862,                0.90781,              0.0057925,              0.0057925,              0.0057925
                     87,                 1.3645,                0.96603,                0.91214,                0.43548,                0.33737,                0.33823,                0.19755,                 1.3413,                0.97076,                0.90769,               0.005743,               0.005743,               0.005743
                     88,                 1.3616,                0.96379,                 0.9136,                0.44143,                0.33536,                0.33864,                0.19738,                 1.3401,                0.96809,                0.90822,              0.0056935,              0.0056935,              0.0056935
                     89,                  1.359,                 0.9627,                0.91092,                 0.4326,                0.33888,                0.33834,                0.19722,                   1.34,                0.96677,                0.90819,               0.005644,               0.005644,               0.005644
                     90,                 1.3611,                0.95875,                0.91023,                0.43975,                0.33685,                0.33884,                0.19723,                 1.3393,                 0.9654,                0.90726,              0.0055945,              0.0055945,              0.0055945
                     91,                 1.3547,                 0.9579,                0.91144,                0.45239,                0.33366,                0.34002,                0.19733,                 1.3382,                0.96623,                0.90715,               0.005545,               0.005545,               0.005545
                     92,                  1.362,                0.96008,                 0.9106,                0.44205,                0.33866,                0.34022,                 0.1978,                 1.3372,                0.96488,                0.90637,              0.0054955,              0.0054955,              0.0054955
                     93,                 1.3516,                0.95339,                0.91139,                0.44716,                0.33594,                0.34142,                0.19847,                 1.3366,                0.96591,                0.90703,               0.005446,               0.005446,               0.005446
                     94,                 1.3582,                0.95701,                0.91213,                0.43726,                0.33827,                0.34153,                0.19907,                 1.3357,                0.96697,                0.90659,              0.0053965,              0.0053965,              0.0053965
                     95,                 1.3505,                0.95058,                0.91094,                0.44103,                  0.334,                0.34133,                0.19845,                 1.3374,                0.96626,                0.90731,               0.005347,               0.005347,               0.005347
                     96,                 1.3583,                 0.9571,                0.90996,                0.43856,                0.33714,                0.34201,                0.19862,                 1.3351,                0.96531,                 0.9066,              0.0052975,              0.0052975,              0.0052975
                     97,                 1.3542,                0.95172,                0.91049,                0.43989,                0.33671,                0.34112,                0.19852,                 1.3363,                 0.9646,                0.90646,               0.005248,               0.005248,               0.005248
                     98,                 1.3533,                0.95052,                0.91047,                0.43183,                0.34422,                 0.3406,                 0.1977,                 1.3339,                0.96318,                 0.9058,              0.0051985,              0.0051985,              0.0051985
                     99,                 1.3523,                 0.9475,                0.91038,                0.43534,                0.34202,                0.34284,                0.19925,                 1.3311,                0.95978,                 0.9051,               0.005149,               0.005149,               0.005149
                    100,                 1.3502,                0.94693,                0.90975,                0.44162,                0.34102,                0.34245,                0.19965,                 1.3325,                0.96143,                0.90521,              0.0050995,              0.0050995,              0.0050995
                    101,                 1.3517,                0.94614,                0.90988,                0.44486,                0.33895,                0.34282,                0.19976,                 1.3341,                0.96187,                0.90543,                0.00505,                0.00505,                0.00505
                    102,                 1.3541,                0.94782,                0.91024,                0.44628,                0.33993,                0.34286,                0.20053,                 1.3323,                0.96049,                 0.9046,              0.0050005,              0.0050005,              0.0050005
                    103,                 1.3437,                0.94045,                0.91125,                0.44873,                0.34069,                0.34266,                0.20018,                 1.3336,                0.96107,                0.90496,               0.004951,               0.004951,               0.004951
                    104,                 1.3507,                 0.9435,                0.90955,                 0.4524,                0.34314,                0.34489,                 0.2007,                 1.3331,                 0.9606,                 0.9054,              0.0049015,              0.0049015,              0.0049015
                    105,                 1.3504,                0.95004,                 0.9088,                0.44804,                0.34408,                0.34512,                0.20114,                 1.3312,                0.95975,                0.90481,               0.004852,               0.004852,               0.004852
                    106,                 1.3396,                0.93715,                0.90726,                0.44761,                0.34522,                0.34676,                 0.2014,                 1.3312,                0.95844,                0.90504,              0.0048025,              0.0048025,              0.0048025
                    107,                 1.3523,                 0.9442,                0.90962,                0.44747,                0.34135,                0.34602,                0.20135,                  1.331,                0.95829,                0.90522,               0.004753,               0.004753,               0.004753
                    108,                 1.3458,                0.94312,                0.90808,                0.44506,                0.34311,                0.34496,                0.20154,                 1.3315,                0.95801,                 0.9055,              0.0047035,              0.0047035,              0.0047035
                    109,                 1.3456,                0.93909,                0.90887,                0.45192,                0.34266,                0.34638,                0.20198,                  1.332,                0.95732,                0.90552,               0.004654,               0.004654,               0.004654
                    110,                 1.3503,                0.94166,                0.90964,                0.44857,                0.34398,                0.34569,                0.20144,                 1.3315,                0.95628,                0.90509,              0.0046045,              0.0046045,              0.0046045
                    111,                  1.339,                0.93221,                0.90448,                0.45608,                0.34031,                0.34545,                 0.2018,                 1.3304,                0.95567,                0.90473,               0.004555,               0.004555,               0.004555
                    112,                 1.3407,                0.93553,                0.90546,                0.45595,                0.34231,                0.34613,                0.20172,                 1.3296,                0.95497,                0.90438,              0.0045055,              0.0045055,              0.0045055
                    113,                 1.3443,                0.93454,                0.90742,                  0.459,                0.34317,                0.34633,                0.20194,                 1.3301,                0.95439,                0.90442,               0.004456,               0.004456,               0.004456
                    114,                 1.3426,                0.93369,                0.90683,                0.45708,                 0.3432,                0.34676,                0.20226,                 1.3304,                0.95337,                 0.9047,              0.0044065,              0.0044065,              0.0044065
                    115,                  1.343,                0.93407,                0.90728,                0.45528,                0.34334,                0.34691,                0.20255,                 1.3305,                0.95238,                0.90487,               0.004357,               0.004357,               0.004357
                    116,                 1.3363,                0.92994,                0.90658,                0.45172,                 0.3454,                0.34722,                0.20254,                   1.33,                 0.9518,                0.90463,              0.0043075,              0.0043075,              0.0043075
                    117,                 1.3325,                0.92821,                0.90689,                0.44818,                0.34748,                 0.3475,                0.20285,                   1.33,                0.95125,                0.90473,               0.004258,               0.004258,               0.004258
                    118,                 1.3352,                0.92929,                0.90516,                0.44941,                0.34596,                 0.3476,                0.20292,                 1.3293,                0.95129,                0.90487,              0.0042085,              0.0042085,              0.0042085
                    119,                 1.3368,                0.92515,                0.90571,                0.44985,                0.34683,                0.34807,                0.20314,                 1.3286,                0.95083,                0.90441,               0.004159,               0.004159,               0.004159
                    120,                 1.3303,                0.92285,                0.90654,                0.45098,                0.34656,                 0.3481,                0.20283,                 1.3277,                0.95141,                0.90418,              0.0041095,              0.0041095,              0.0041095
                    121,                 1.3382,                0.92565,                0.90563,                0.45268,                0.34628,                0.34812,                0.20322,                 1.3282,                0.95088,                0.90428,                0.00406,                0.00406,                0.00406
                    122,                 1.3286,                 0.9206,                0.90392,                0.45448,                0.34487,                0.34848,                0.20324,                  1.328,                0.95101,                0.90419,              0.0040105,              0.0040105,              0.0040105
                    123,                 1.3305,                0.92345,                0.90334,                0.45537,                 0.3445,                0.34833,                0.20264,                 1.3283,                0.95217,                0.90422,               0.003961,               0.003961,               0.003961
                    124,                 1.3216,                0.91566,                0.90468,                0.45604,                0.34469,                0.34831,                 0.2032,                  1.328,                0.95239,                0.90401,              0.0039115,              0.0039115,              0.0039115
                    125,                 1.3335,                0.91839,                0.90352,                0.45476,                0.34474,                0.34767,                0.20295,                 1.3279,                0.95237,                0.90405,               0.003862,               0.003862,               0.003862
                    126,                 1.3278,                0.91849,                0.90444,                0.45405,                0.34681,                 0.3485,                0.20305,                  1.328,                0.95258,                 0.9038,              0.0038125,              0.0038125,              0.0038125
                    127,                 1.3238,                0.91839,                0.90469,                0.44956,                0.34999,                 0.3489,                0.20313,                 1.3272,                0.95232,                0.90386,               0.003763,               0.003763,               0.003763
                    128,                 1.3299,                0.91882,                0.90413,                0.45183,                0.34882,                0.34921,                0.20335,                 1.3276,                0.95203,                 0.9042,              0.0037135,              0.0037135,              0.0037135
                    129,                 1.3201,                0.91402,                0.90402,                0.45508,                 0.3477,                0.34938,                0.20354,                 1.3272,                0.95168,                0.90426,               0.003664,               0.003664,               0.003664
                    130,                 1.3291,                 0.9178,                0.90407,                0.45492,                0.34726,                0.34989,                0.20351,                 1.3268,                0.95166,                 0.9042,              0.0036145,              0.0036145,              0.0036145
                    131,                 1.3246,                0.91393,                0.90395,                0.45319,                0.34716,                0.34993,                 0.2035,                 1.3264,                0.95143,                0.90402,               0.003565,               0.003565,               0.003565
                    132,                 1.3218,                0.90977,                0.90458,                0.45472,                0.34859,                0.34947,                0.20298,                 1.3267,                0.95155,                0.90405,              0.0035155,              0.0035155,              0.0035155
                    133,                 1.3296,                0.91953,                0.90484,                0.45586,                0.34731,                0.35008,                0.20352,                 1.3267,                0.95066,                0.90396,               0.003466,               0.003466,               0.003466
                    134,                 1.3248,                0.91168,                 0.9023,                0.45522,                0.34826,                0.35023,                0.20371,                 1.3265,                0.95106,                0.90388,              0.0034165,              0.0034165,              0.0034165
                    135,                 1.3198,                0.90821,                0.90182,                0.45663,                0.34778,                0.35017,                0.20388,                 1.3263,                0.95066,                0.90381,               0.003367,               0.003367,               0.003367
                    136,                 1.3199,                 0.9091,                0.90168,                0.45787,                0.34746,                0.35027,                0.20392,                 1.3262,                0.95046,                0.90387,              0.0033175,              0.0033175,              0.0033175
                    137,                 1.3173,                0.90709,                0.90098,                0.45892,                0.34596,                0.35007,                0.20382,                 1.3261,                0.95022,                0.90388,               0.003268,               0.003268,               0.003268
                    138,                 1.3213,                0.90595,                0.90238,                 0.4541,                0.34716,                0.34994,                0.20365,                 1.3262,                0.94972,                0.90386,              0.0032185,              0.0032185,              0.0032185
                    139,                 1.3126,                0.90518,                0.90224,                0.45764,                0.34587,                0.34999,                0.20393,                 1.3261,                0.94971,                0.90371,               0.003169,               0.003169,               0.003169
                    140,                 1.3189,                0.90601,                0.90143,                0.45722,                0.34659,                0.35007,                0.20391,                 1.3262,                 0.9494,                0.90378,              0.0031195,              0.0031195,              0.0031195
                    141,                  1.318,                0.90205,                0.90163,                 0.4563,                0.34905,                0.34998,                0.20379,                 1.3262,                 0.9493,                0.90366,                0.00307,                0.00307,                0.00307
                    142,                  1.313,                0.90156,                 0.9011,                0.45809,                 0.3491,                0.35021,                0.20375,                 1.3264,                0.94938,                0.90369,              0.0030205,              0.0030205,              0.0030205
                    143,                 1.3073,                0.89757,                0.89968,                0.45785,                0.34978,                 0.3506,                0.20394,                 1.3259,                0.94905,                0.90352,               0.002971,               0.002971,               0.002971
                    144,                 1.3152,                0.90035,                0.90118,                0.46115,                0.34842,                0.35059,                0.20397,                  1.326,                0.94924,                0.90343,              0.0029215,              0.0029215,              0.0029215
                    145,                 1.3156,                0.90001,                0.90031,                0.45872,                0.34921,                0.35069,                0.20399,                  1.326,                 0.9488,                0.90335,               0.002872,               0.002872,               0.002872
                    146,                 1.3103,                0.89927,                0.90096,                0.46132,                0.34656,                0.35036,                0.20389,                 1.3255,                0.94913,                0.90321,              0.0028225,              0.0028225,              0.0028225
                    147,                 1.3086,                0.89637,                0.90102,                 0.4635,                0.34684,                0.35049,                0.20402,                 1.3254,                0.94889,                0.90316,               0.002773,               0.002773,               0.002773
                    148,                 1.3148,                0.89945,                0.90051,                0.46317,                0.34727,                0.35094,                0.20417,                 1.3251,                0.94877,                 0.9031,              0.0027235,              0.0027235,              0.0027235
                    149,                 1.3052,                0.88668,                0.90037,                0.46218,                0.34666,                 0.3508,                0.20404,                 1.3252,                 0.9489,                0.90312,               0.002674,               0.002674,               0.002674
                    150,                 1.3133,                0.89488,                0.90169,                0.46536,                0.34624,                0.35113,                0.20405,                 1.3253,                0.94861,                0.90311,              0.0026245,              0.0026245,              0.0026245
                    151,                 1.3123,                0.89309,                  0.899,                0.46317,                0.34637,                0.35096,                0.20417,                 1.3253,                 0.9486,                0.90297,               0.002575,               0.002575,               0.002575
                    152,                 1.3086,                0.88998,                0.89935,                0.45842,                0.34762,                0.35072,                0.20396,                 1.3251,                  0.948,                0.90291,              0.0025255,              0.0025255,              0.0025255
                    153,                  1.307,                0.88726,                0.89844,                0.45876,                0.34747,                0.35072,                 0.2041,                 1.3253,                0.94837,                0.90291,               0.002476,               0.002476,               0.002476
                    154,                 1.3031,                0.88931,                0.89906,                0.45912,                0.34648,                0.35075,                0.20417,                  1.325,                0.94802,                0.90284,              0.0024265,              0.0024265,              0.0024265
                    155,                 1.3043,                0.88552,                0.89847,                 0.4585,                0.34682,                0.35092,                0.20421,                 1.3246,                0.94797,                0.90274,               0.002377,               0.002377,               0.002377
                    156,                 1.2994,                0.88086,                0.89956,                0.45848,                0.34668,                0.35106,                0.20419,                 1.3248,                0.94836,                0.90271,              0.0023275,              0.0023275,              0.0023275
                    157,                  1.298,                0.88237,                0.89713,                0.45861,                0.34652,                 0.3508,                0.20383,                 1.3248,                0.94819,                0.90264,               0.002278,               0.002278,               0.002278
                    158,                 1.3003,                0.88648,                0.89717,                0.45851,                0.34713,                  0.351,                0.20412,                 1.3246,                0.94824,                0.90261,              0.0022285,              0.0022285,              0.0022285
                    159,                 1.2984,                0.88066,                0.89676,                0.45655,                0.34859,                0.35106,                0.20415,                 1.3245,                0.94816,                0.90253,               0.002179,               0.002179,               0.002179
                    160,                 1.2998,                0.88126,                0.89767,                0.45772,                0.34734,                0.35122,                0.20418,                 1.3245,                0.94819,                0.90252,              0.0021295,              0.0021295,              0.0021295
                    161,                 1.2979,                0.88244,                 0.8983,                0.45876,                0.34738,                0.35133,                0.20409,                 1.3243,                0.94785,                0.90243,                0.00208,                0.00208,                0.00208
                    162,                 1.2971,                0.87591,                0.89777,                0.45639,                0.34807,                 0.3512,                0.20412,                  1.324,                0.94773,                0.90237,              0.0020305,              0.0020305,              0.0020305
                    163,                 1.2973,                0.88263,                0.89799,                 0.4573,                0.34858,                0.35149,                0.20402,                 1.3242,                0.94808,                0.90243,               0.001981,               0.001981,               0.001981
                    164,                 1.2904,                0.87472,                0.89649,                0.45594,                0.34876,                0.35162,                0.20402,                 1.3241,                  0.948,                 0.9024,              0.0019315,              0.0019315,              0.0019315
                    165,                 1.2963,                0.87809,                0.89491,                0.45761,                0.34737,                0.35163,                0.20411,                  1.324,                  0.948,                0.90235,               0.001882,               0.001882,               0.001882
                    166,                 1.2871,                0.86955,                0.89438,                0.45721,                0.34839,                0.35159,                0.20408,                  1.324,                0.94818,                0.90226,              0.0018325,              0.0018325,              0.0018325
                    167,                 1.2969,                 0.8745,                0.89571,                0.45851,                0.34911,                0.35166,                0.20426,                  1.324,                0.94809,                0.90227,               0.001783,               0.001783,               0.001783
                    168,                 1.2985,                0.87552,                0.89693,                0.45655,                0.34974,                0.35196,                0.20443,                 1.3241,                0.94782,                 0.9022,              0.0017335,              0.0017335,              0.0017335
                    169,                 1.2976,                0.87579,                 0.8961,                 0.4572,                0.34968,                0.35196,                0.20434,                 1.3241,                0.94783,                0.90217,               0.001684,               0.001684,               0.001684
                    170,                 1.2982,                0.87672,                0.89775,                 0.4595,                0.34895,                0.35208,                0.20436,                 1.3244,                0.94813,                0.90222,              0.0016345,              0.0016345,              0.0016345
                    171,                 1.2929,                0.87146,                0.89588,                0.45663,                0.35086,                 0.3522,                0.20429,                 1.3246,                0.94791,                 0.9022,               0.001585,               0.001585,               0.001585
                    172,                 1.2941,                 0.8713,                0.89618,                0.45836,                0.34975,                0.35179,                0.20416,                  1.325,                0.94841,                0.90222,              0.0015355,              0.0015355,              0.0015355
                    173,                 1.2891,                0.86934,                 0.8949,                0.45914,                0.34922,                0.35187,                0.20409,                  1.325,                0.94814,                0.90215,               0.001486,               0.001486,               0.001486
                    174,                   1.29,                0.86777,                0.89652,                0.45962,                0.34963,                0.35166,                 0.2041,                 1.3253,                0.94833,                 0.9022,              0.0014365,              0.0014365,              0.0014365
                    175,                 1.2852,                0.86314,                0.89398,                0.45879,                0.35096,                 0.3518,                 0.2042,                 1.3253,                0.94802,                 0.9022,               0.001387,               0.001387,               0.001387
                    176,                  1.279,                0.86065,                0.89441,                 0.4593,                0.35114,                0.35185,                0.20422,                 1.3256,                0.94831,                0.90226,              0.0013375,              0.0013375,              0.0013375
                    177,                 1.2894,                 0.8656,                 0.8964,                0.45764,                0.35217,                0.35173,                0.20419,                 1.3261,                0.94841,                0.90226,               0.001288,               0.001288,               0.001288
                    178,                 1.2831,                0.86225,                0.89275,                 0.4575,                0.35183,                 0.3517,                 0.2041,                 1.3261,                0.94846,                0.90231,              0.0012385,              0.0012385,              0.0012385
                    179,                 1.2885,                0.86385,                0.89484,                0.45801,                0.35198,                0.35189,                0.20409,                  1.326,                0.94838,                0.90228,               0.001189,               0.001189,               0.001189
                    180,                 1.2738,                0.85305,                0.89275,                0.45765,                0.35097,                0.35195,                0.20417,                 1.3258,                0.94834,                0.90223,              0.0011395,              0.0011395,              0.0011395
                    181,                  1.287,                0.86103,                0.89407,                0.46006,                0.35016,                0.35185,                0.20409,                 1.3259,                0.94864,                0.90216,                0.00109,                0.00109,                0.00109
                    182,                 1.2847,                0.85921,                0.89452,                 0.4596,                0.35022,                0.35197,                0.20407,                 1.3262,                0.94846,                0.90219,              0.0010405,              0.0010405,              0.0010405
                    183,                 1.2766,                 0.8553,                0.89416,                0.45892,                0.35099,                0.35208,                0.20398,                 1.3266,                 0.9489,                0.90222,               0.000991,               0.000991,               0.000991
                    184,                 1.2809,                0.85752,                0.89419,                0.45903,                0.35106,                0.35205,                0.20408,                 1.3262,                 0.9488,                 0.9022,              0.0009415,              0.0009415,              0.0009415
                    185,                 1.2797,                0.85625,                0.89427,                 0.4587,                0.35099,                0.35207,                0.20393,                 1.3267,                0.94895,                0.90229,               0.000892,               0.000892,               0.000892
                    186,                 1.2833,                0.85832,                0.89364,                0.46089,                0.35022,                0.35197,                0.20367,                 1.3268,                0.94896,                0.90229,              0.0008425,              0.0008425,              0.0008425
                    187,                 1.2724,                0.85291,                0.89206,                0.45727,                0.35121,                0.35195,                 0.2037,                 1.3269,                0.94902,                0.90229,               0.000793,               0.000793,               0.000793
                    188,                 1.2827,                0.85288,                0.89257,                0.45718,                0.35137,                0.35193,                0.20377,                  1.327,                0.94927,                0.90239,              0.0007435,              0.0007435,              0.0007435
                    189,                 1.2724,                0.84749,                0.89303,                0.45535,                0.35142,                0.35202,                0.20371,                  1.327,                0.94939,                0.90237,               0.000694,               0.000694,               0.000694
                    190,                 1.2725,                0.84869,                0.89203,                0.45559,                0.35155,                0.35209,                0.20391,                  1.327,                0.94942,                 0.9024,              0.0006445,              0.0006445,              0.0006445
                    191,                 1.2699,                0.84361,                0.89522,                0.45651,                0.35037,                  0.352,                0.20384,                 1.3273,                0.94937,                0.90239,               0.000595,               0.000595,               0.000595
                    192,                 1.2509,                0.81921,                0.89114,                0.45706,                 0.3505,                0.35206,                0.20378,                 1.3275,                0.94925,                0.90242,              0.0005455,              0.0005455,              0.0005455
                    193,                  1.245,                0.81328,                0.89035,                0.45653,                0.35044,                0.35212,                0.20397,                 1.3277,                 0.9495,                0.90245,               0.000496,               0.000496,               0.000496
                    194,                 1.2414,                0.81043,                0.89105,                 0.4529,                0.35195,                0.35219,                0.20399,                 1.3278,                0.94934,                0.90242,              0.0004465,              0.0004465,              0.0004465
                    195,                 1.2411,                0.80933,                0.89051,                0.45273,                0.35213,                0.35206,                0.20405,                 1.3279,                0.94931,                0.90243,               0.000397,               0.000397,               0.000397
                    196,                 1.2403,                0.80928,                0.88928,                0.45339,                0.35207,                0.35222,                0.20395,                 1.3278,                0.94962,                0.90241,              0.0003475,              0.0003475,              0.0003475
                    197,                 1.2405,                0.80663,                0.88893,                0.45247,                 0.3521,                0.35198,                0.20395,                 1.3281,                0.94952,                0.90245,               0.000298,               0.000298,               0.000298
                    198,                 1.2392,                0.80558,                0.88949,                0.45241,                0.35186,                0.35206,                0.20393,                 1.3283,                0.94941,                0.90248,              0.0002485,              0.0002485,              0.0002485
                    199,                 1.2354,                0.80277,                0.88973,                0.45243,                0.35217,                 0.3518,                0.20379,                 1.3284,                0.94969,                0.90252,               0.000199,               0.000199,               0.000199
                    200,                 1.2321,                0.80245,                0.88871,                0.45202,                0.35259,                0.35191,                0.20374,                 1.3289,                0.95016,                 0.9026,              0.0001495,              0.0001495,              0.0001495
